Week_Commencing,Min_High_wind_gust_mph,Ave_High_wind_gust_mph,Max_High_wind_gust_mph,Sum_High_wind_gust_mph,Min_Min_temp_C,Ave_Min_temp_C,Max_Min_temp_C,Sum_Min_temp_C,Min_Max_temp_C,Ave_Max_temp_C,Max_Max_temp_C,Sum_Max_temp_C,Min_Max_rainfall_rate_mm_hr,Ave_Max_rainfall_rate_mm_hr,Max_Max_rainfall_rate_mm_hr,Sum_Max_rainfall_rate_mm_hr,Min_Total_rainfall_mm,Ave_Total_rainfall_mm,Max_Total_rainfall_mm,Sum_Total_rainfall_mm,Min_Avg_temp_C,Ave_Avg_temp_C,Max_Avg_temp_C,Sum_Avg_temp_C,Min_High_avg_wind_speed_mph,Ave_High_avg_wind_speed_mph,Max_High_avg_wind_speed_mph,Sum_High_avg_wind_speed_mph,Min_Total_sunshine_hrs,Ave_Total_sunshine_hrs,Max_Total_sunshine_hrs,Sum_Total_sunshine_hrs,Fencing_Sales
01/01/2018,27.10,38.33,49.00,268.30,-1.00,2.10,5.20,14.70,4.40,7.96,11.30,55.70,0.00,3.60,8.40,25.20,0.00,1.89,6.40,13.20,1.40,4.66,7.40,32.60,16.70,21.10,25.00,147.70,0.00,1.74,7.80,12.20,4457.67
08/01/2018,11.40,18.10,33.80,126.70,0.80,2.73,4.80,19.10,3.20,6.64,8.90,46.50,0.00,1.89,6.00,13.20,0.00,1.11,4.40,7.80,2.30,4.51,5.60,31.60,7.00,10.77,19.70,75.40,0.00,0.07,0.50,0.50,7254.43
15/01/2018,9.60,30.00,62.00,210.00,-0.80,0.96,3.00,6.70,2.70,7.47,10.80,52.30,0.00,3.77,12.00,26.40,0.00,2.83,9.80,19.80,1.00,3.73,6.20,26.10,5.50,16.66,34.50,116.60,0.00,3.67,7.30,25.70,11405.81
22/01/2018,23.90,31.10,42.30,217.70,0.00,4.90,9.00,34.30,6.50,11.10,14.10,77.70,0.00,4.80,25.20,33.60,0.00,1.37,6.50,9.60,4.00,7.60,11.00,53.20,12.40,19.81,29.70,138.70,0.00,2.09,6.20,14.60,9439.66
29/01/2018,19.00,28.96,34.00,202.70,-1.00,0.96,2.70,6.70,3.40,6.81,11.30,47.70,0.00,1.89,6.00,13.20,0.00,1.01,3.10,7.10,2.00,3.79,6.00,26.50,11.50,17.84,20.60,124.90,0.00,2.54,5.00,17.80,16618.45
05/02/2018,15.00,29.14,45.60,204.00,-2.70,-0.53,2.00,-3.70,2.70,5.41,9.50,37.90,0.00,1.37,3.60,9.60,0.00,0.90,4.30,6.30,0.40,2.39,5.90,16.70,9.40,16.71,26.90,117.00,0.00,3.17,7.00,22.20,12222.69
12/02/2018,13.00,24.97,33.80,174.80,-2.80,0.49,2.80,3.40,5.30,7.84,9.30,54.90,0.00,1.20,3.60,8.40,0.00,0.93,2.60,6.50,1.60,4.13,6.50,28.90,8.90,15.11,21.10,105.80,0.00,3.21,8.50,22.50,9608.98
19/02/2018,14.80,24.07,37.40,168.50,-2.90,-0.47,5.80,-3.30,5.10,7.13,10.30,49.90,0.00,1.03,3.60,7.20,0.00,0.19,0.80,1.30,0.10,2.90,8.60,20.30,9.10,15.34,22.90,107.40,0.00,3.67,10.30,25.70,12226.61
26/02/2018,16.10,27.99,40.90,195.90,-7.20,-3.13,2.20,-21.90,-1.80,1.59,7.60,11.10,0.00,2.06,10.80,14.40,0.00,1.80,6.50,12.60,-4.90,-1.14,4.80,-8.00,9.90,18.96,26.70,132.70,0.00,1.43,6.00,10.00,5237.16
05/03/2018,15.90,21.66,31.80,151.60,0.20,2.94,6.80,20.60,8.90,10.51,13.40,73.60,0.00,3.60,6.00,25.20,0.00,3.50,11.00,24.50,4.20,6.49,8.80,45.40,7.80,12.91,18.40,90.40,0.00,1.73,3.80,12.10,11638.42
12/03/2018,18.60,29.11,41.20,203.80,-2.90,1.89,6.60,13.20,0.70,8.61,13.70,60.30,0.00,2.06,8.40,14.40,0.00,1.66,6.60,11.60,-1.20,4.76,8.60,33.30,10.90,17.77,23.70,124.40,0.00,1.27,5.00,8.90,12515.64
19/03/2018,10.30,23.53,39.40,164.70,-0.80,2.76,5.60,19.30,3.80,9.06,12.40,63.40,0.00,0.69,1.20,4.80,0.00,0.36,1.30,2.50,2.10,5.64,7.50,39.50,6.00,14.06,22.20,98.40,0.00,3.77,8.60,26.40,15444.24
26/03/2018,18.60,23.61,28.60,165.30,0.20,2.50,4.30,17.50,7.20,9.49,13.30,66.40,4.80,8.23,19.20,57.60,2.30,7.37,17.00,51.60,3.80,5.34,7.80,37.40,10.70,14.36,18.70,100.50,0.00,1.60,5.80,11.20,12660.08
02/04/2018,12.10,23.13,30.90,161.90,2.10,5.27,7.60,36.90,10.00,12.64,16.60,88.50,0.00,1.03,2.40,7.20,0.00,0.83,3.50,5.80,6.50,8.83,11.00,61.80,6.10,13.59,19.20,95.10,0.00,1.91,11.90,13.40,12498.59
09/04/2018,11.00,16.69,21.70,116.80,5.30,6.19,7.40,43.30,6.70,11.11,18.20,77.80,0.00,1.20,7.20,8.40,0.00,1.00,3.40,7.00,5.90,8.49,11.60,59.40,3.00,6.69,11.80,46.80,0.00,0.73,4.00,5.10,18145.28
16/04/2018,9.60,23.20,36.70,162.40,7.40,10.46,13.30,73.20,14.20,20.54,26.50,143.80,0.00,1.20,8.40,8.40,0.00,0.43,3.00,3.00,11.30,15.10,18.90,105.70,5.00,13.29,24.60,93.00,0.50,9.07,14.70,63.50,20261.30
23/04/2018,20.40,26.80,36.70,187.60,3.90,5.86,10.00,41.00,7.20,11.33,14.60,79.30,0.00,5.49,25.20,38.40,0.00,4.19,14.60,29.30,5.80,8.33,11.70,58.30,10.40,13.89,21.00,97.20,0.00,2.29,8.00,16.00,18949.89
30/04/2018,7.80,19.96,35.30,139.70,1.60,6.89,10.30,48.20,10.40,16.84,24.20,117.90,0.00,2.06,9.60,14.40,0.00,0.77,4.80,5.40,6.20,11.91,18.10,83.40,2.70,9.87,24.40,69.10,0.50,6.90,15.60,48.30,23043.37
07/05/2018,9.60,18.01,24.60,126.10,5.30,7.84,12.40,54.90,14.90,18.96,26.90,132.70,0.00,2.57,10.80,18.00,0.00,1.50,7.90,10.50,10.70,13.41,19.80,93.90,1.20,8.03,13.10,56.20,1.10,7.66,15.20,53.60,20495.33
14/05/2018,7.20,16.44,26.20,115.10,2.80,6.87,11.20,48.10,13.70,18.89,22.50,132.20,0.00,0.00,0.00,0.00,0.00,0.00,0.00,0.00,9.10,12.91,15.80,90.40,1.80,8.11,16.40,56.80,0.00,11.74,15.80,82.20,18221.14
21/05/2018,15.20,20.66,24.40,144.60,8.70,10.41,11.90,72.90,15.70,20.89,25.70,146.20,0.00,4.80,16.80,33.60,0.00,3.93,16.10,27.50,11.70,14.87,18.90,104.10,8.60,10.80,13.70,75.60,0.00,6.53,15.30,45.70,22526.04
28/05/2018,6.50,14.27,24.60,99.90,12.00,13.53,15.20,94.70,17.30,21.94,25.40,153.60,0.00,3.77,26.40,26.40,0.00,0.93,6.50,6.50,14.40,16.97,18.90,118.80,1.20,5.76,13.50,40.30,0.00,3.59,8.30,25.10,17115.56
04/06/2018,9.80,13.34,17.70,93.40,7.90,9.87,12.10,69.10,15.80,18.93,21.80,132.50,0.00,0.00,0.00,0.00,0.00,0.00,0.00,0.00,12.00,13.89,15.30,97.20,2.70,5.20,8.30,36.40,0.00,3.76,12.10,26.30,20611.47
11/06/2018,14.50,20.66,30.20,144.60,8.70,11.26,13.50,78.80,17.40,20.16,25.10,141.10,0.00,0.17,1.20,1.20,0.00,0.03,0.20,0.20,13.40,15.47,18.00,108.30,3.80,8.11,14.10,56.80,0.00,4.39,13.20,30.70,21485.93
18/06/2018,8.70,19.76,27.10,138.30,7.60,10.83,15.50,75.80,18.10,21.96,24.80,153.70,0.00,0.00,0.00,0.00,0.00,0.00,0.00,0.00,13.00,16.34,18.70,114.40,2.70,9.06,15.90,63.40,3.00,9.01,17.30,63.10,22766.88
25/06/2018,13.60,17.10,22.80,119.70,10.60,11.76,13.50,82.30,25.10,26.91,29.10,188.40,0.00,0.00,0.00,0.00,0.00,0.00,0.00,0.00,17.20,18.81,21.20,131.70,5.20,7.49,11.30,52.40,12.80,14.51,17.50,101.60,23099.67
02/07/2018,15.20,19.21,28.60,134.50,10.40,14.01,15.70,98.10,23.60,26.80,28.20,187.60,0.00,0.00,0.00,0.00,0.00,0.00,0.00,0.00,17.10,20.37,21.80,142.60,6.10,8.56,12.50,59.90,10.10,14.47,17.70,101.30,11173.92
09/07/2018,5.10,14.06,20.60,98.40,11.30,12.97,14.60,90.80,22.50,24.66,26.90,172.60,0.00,0.00,0.00,0.00,0.00,0.00,0.00,0.00,16.10,18.14,21.10,127.00,0.10,4.49,11.40,31.40,0.00,8.60,16.30,60.20,15853.90
16/07/2018,7.20,13.23,18.80,92.60,12.30,14.20,16.70,99.40,23.00,25.57,27.40,179.00,0.00,0.17,1.20,1.20,0.00,0.09,0.60,0.60,18.00,19.66,21.30,137.60,0.30,4.74,8.30,33.20,1.30,3.99,8.20,27.90,16570.44
23/07/2018,12.30,23.76,39.80,166.30,13.00,15.29,18.30,107.00,20.20,27.20,32.90,190.40,0.00,3.60,20.40,25.20,0.00,0.66,3.70,4.60,15.40,20.86,25.40,146.00,4.00,9.66,16.20,67.60,0.00,6.44,13.00,45.10,16537.85
30/07/2018,13.20,16.93,22.80,118.50,11.80,14.17,16.10,99.20,22.30,25.96,28.70,181.70,0.00,3.09,21.60,21.60,0.00,1.47,10.30,10.30,17.80,20.01,22.40,140.10,2.50,5.56,8.80,38.90,0.30,8.57,11.00,60.00,14469.09
06/08/2018,12.30,19.11,25.90,133.80,8.10,12.66,15.40,88.60,15.60,21.83,29.10,152.80,0.00,13.00,67.20,91.00,0.00,3.57,16.90,25.00,11.70,16.99,22.20,118.90,2.80,5.49,7.10,38.40,0.00,6.37,15.00,44.60,16866.39
13/08/2018,17.90,20.93,27.10,146.50,10.70,14.14,16.40,99.00,20.50,22.43,23.90,157.00,0.00,0.51,1.20,3.60,0.00,1.33,7.60,9.30,15.00,17.79,19.50,124.50,6.40,9.04,18.10,63.30,0.80,3.31,6.00,23.20,9290.51
20/08/2018,11.00,20.63,28.00,144.40,6.50,11.33,15.80,79.30,17.10,20.46,24.20,143.20,0.00,2.23,4.80,15.60,0.00,1.49,5.40,10.40,11.10,15.49,19.20,108.40,3.10,9.49,14.20,66.40,0.00,3.37,6.40,23.60,17886.54
27/08/2018,8.30,14.37,23.30,100.60,8.20,10.77,13.00,75.40,17.90,20.60,24.40,144.20,0.00,0.69,4.80,4.80,0.00,0.16,1.10,1.10,13.50,15.50,17.90,108.50,1.80,5.93,13.40,41.50,0.00,6.51,11.50,45.60,12945.88
03/09/2018,15.00,19.63,25.30,137.40,6.00,10.13,13.00,70.90,16.70,19.30,23.50,135.10,0.00,0.51,3.60,3.60,0.00,0.27,1.90,1.90,11.50,14.23,16.60,99.60,6.10,8.50,10.60,59.50,0.00,2.89,6.40,20.20,10706.79
10/09/2018,8.70,19.30,25.10,135.10,5.70,11.19,15.30,78.30,16.00,19.26,21.80,134.80,0.00,0.51,2.40,3.60,0.00,0.41,2.80,2.90,11.30,14.91,18.40,104.40,2.20,7.01,9.40,49.10,0.00,2.59,7.90,18.10,12438.24
17/09/2018,14.10,31.77,38.30,222.40,4.00,10.07,15.40,70.50,12.40,18.47,24.20,129.30,0.00,1.20,3.60,8.40,0.00,2.61,10.00,18.30,8.50,13.80,18.80,96.60,8.10,15.54,19.60,108.80,0.00,2.84,7.20,19.90,12186.43
24/09/2018,0.00,14.89,23.70,104.20,2.70,6.29,12.00,44.00,13.70,17.39,22.80,121.70,0.00,0.00,0.00,0.00,0.00,0.00,0.00,0.00,8.90,11.53,16.30,80.70,0.00,6.17,14.70,43.20,1.50,9.31,12.40,65.20,16165.02
01/10/2018,9.40,20.50,30.40,143.50,3.20,8.16,11.50,57.10,8.60,15.74,19.80,110.20,0.00,2.91,16.80,20.40,0.00,1.81,8.30,12.70,6.40,11.66,14.40,81.60,1.20,9.29,17.10,65.00,0.00,3.29,7.20,23.00,14179.08
08/10/2018,19.20,28.59,45.00,200.10,8.10,11.01,14.70,77.10,13.50,19.63,23.80,137.40,0.00,1.83,6.80,12.80,0.00,2.57,11.20,18.00,9.30,14.90,18.10,104.30,5.20,13.79,23.60,96.50,0.00,3.64,11.10,25.50,15020.80
15/10/2018,0.20,12.20,23.90,85.40,1.90,7.01,10.90,49.10,12.80,15.21,17.80,106.50,0.00,1.20,2.40,8.40,0.00,0.33,1.60,2.30,7.60,10.76,12.80,75.30,0.00,4.53,11.90,31.70,0.00,3.00,8.10,21.00,8525.75
22/10/2018,18.80,26.43,31.80,185.00,0.30,4.90,10.00,34.30,5.60,11.04,14.50,77.30,0.00,0.86,3.60,6.00,0.00,0.46,2.90,3.20,4.00,7.73,12.30,54.10,9.80,13.84,18.40,96.90,1.90,5.79,9.30,40.50,11872.42
29/10/2018,12.00,20.11,29.50,140.80,-0.40,3.61,8.30,25.30,7.90,10.63,13.10,74.40,0.00,0.69,1.20,4.80,0.00,0.16,0.70,1.10,3.70,6.74,10.00,47.20,2.00,9.97,13.60,69.80,0.00,1.79,6.60,12.50,6992.98
05/11/2018,9.60,26.96,36.20,188.70,4.50,7.24,10.40,50.70,12.10,13.57,15.40,95.00,0.00,5.14,12.00,36.00,0.00,2.33,5.40,16.30,8.80,9.93,12.60,69.50,1.70,14.50,20.60,101.50,0.00,1.63,4.60,11.40,8197.61
12/11/2018,16.10,21.19,26.80,148.30,3.80,7.01,10.50,49.10,10.30,12.51,14.30,87.60,0.00,0.34,1.20,2.40,0.00,0.09,0.40,0.60,6.30,9.27,11.90,64.90,7.30,11.99,17.10,83.90,0.00,2.97,6.30,20.80,11394.53
19/11/2018,7.40,17.74,26.00,124.20,-1.30,2.24,3.90,15.70,5.00,7.27,8.80,50.90,0.00,1.71,6.00,12.00,0.00,0.64,1.80,4.50,1.90,4.60,6.40,32.20,2.10,8.71,14.30,61.00,0.00,0.86,2.80,6.00,8234.79
26/11/2018,15.40,28.47,51.00,199.30,0.80,6.27,10.70,43.90,7.80,12.00,13.70,84.00,0.00,1.91,3.60,13.40,0.00,1.83,5.30,12.80,4.00,8.90,12.20,62.30,7.10,14.43,21.00,101.00,0.00,1.39,7.10,9.70,7288.77
03/12/2018,17.00,29.26,47.40,204.80,1.60,5.51,10.50,38.60,7.00,11.03,13.00,77.20,1.20,3.09,6.00,21.60,0.10,1.86,4.30,13.00,4.60,8.07,12.10,56.50,5.90,14.20,18.60,99.40,0.00,1.89,3.60,13.20,7642.13
10/12/2018,8.50,19.73,31.30,138.10,-0.20,1.00,3.20,7.00,4.10,6.71,8.40,47.00,0.00,2.74,13.20,19.20,0.00,1.77,6.20,12.40,1.50,3.56,5.80,24.90,0.50,8.60,18.70,60.20,0.00,2.47,6.80,17.30,9052.30
17/12/2018,14.50,25.17,36.90,176.20,2.20,4.63,6.70,32.40,8.50,10.09,11.40,70.60,0.00,8.04,34.70,56.30,0.00,4.67,10.60,32.70,5.30,7.19,8.60,50.30,5.40,13.13,24.50,91.90,0.00,2.46,5.60,17.20,7902.69
24/12/2018,2.50,11.99,23.70,83.90,-1.70,4.71,8.10,33.00,7.80,9.54,12.50,66.80,0.00,0.17,1.20,1.20,0.00,0.04,0.30,0.30,2.90,7.34,9.40,51.40,0.10,4.27,10.30,29.90,0.00,1.24,6.40,8.70,891.43
31/12/2018,4.70,13.93,18.60,97.50,-3.30,2.11,7.20,14.80,3.70,6.79,10.30,47.50,0.00,0.00,0.00,0.00,0.00,0.00,0.00,0.00,1.30,4.76,8.40,33.30,0.40,7.80,11.50,54.60,0.00,0.39,1.50,2.70,491.89
07/01/2019,16.80,27.33,48.10,191.30,-0.10,3.54,7.60,24.80,5.00,8.89,11.70,62.20,0.00,0.34,1.20,2.40,0.00,0.16,0.90,1.10,1.80,6.27,9.10,43.90,7.50,15.17,27.80,106.20,0.00,1.61,7.20,11.30,7281.81
14/01/2019,4.30,20.36,28.40,142.50,-1.90,0.56,6.60,3.90,3.70,6.69,10.30,46.80,0.00,2.06,8.40,14.40,0.00,0.33,1.80,2.30,0.60,3.69,8.10,25.80,0.30,11.06,17.80,77.40,0.00,2.33,7.70,16.30,7273.77
21/01/2019,9.80,23.89,46.50,167.20,-1.90,1.03,6.80,7.20,2.70,6.83,11.30,47.80,0.00,1.37,3.60,9.60,0.00,1.14,2.70,8.00,0.00,3.87,8.60,27.10,4.40,13.86,26.90,97.00,0.00,2.41,7.50,16.90,6863.03
28/01/2019,11.40,21.00,28.00,147.00,-5.30,-2.49,-0.40,-17.40,1.90,4.04,6.50,28.30,0.00,1.71,3.60,12.00,0.00,1.34,3.40,9.40,-0.80,1.11,4.30,7.80,4.00,11.99,17.40,83.90,0.00,4.46,7.80,31.20,9246.45
04/02/2019,20.80,35.19,43.40,246.30,-0.80,2.94,4.90,20.60,6.80,9.57,11.30,67.00,0.00,3.43,7.20,24.00,0.00,2.23,6.60,15.60,3.70,6.17,7.60,43.20,14.00,18.03,24.10,126.20,0.00,1.56,2.50,10.90,5723.60
11/02/2019,10.50,18.53,23.50,129.70,0.00,2.83,6.00,19.80,8.20,11.71,13.90,82.00,0.00,0.00,0.00,0.00,0.00,0.00,0.00,0.00,4.10,7.36,9.80,51.50,3.70,10.14,13.80,71.00,0.00,5.11,9.10,35.80,10389.31
18/02/2019,5.80,16.71,24.80,117.00,-2.00,3.14,7.70,22.00,10.70,14.00,16.80,98.00,0.00,3.60,22.80,25.20,0.00,0.31,2.00,2.20,6.10,8.40,9.50,58.80,1.00,8.84,14.10,61.90,0.10,4.74,9.80,33.20,9886.85
25/02/2019,0.00,17.13,41.40,119.90,0.00,4.19,7.10,29.30,9.80,14.37,19.40,100.60,0.00,1.89,4.80,13.20,0.00,0.71,2.80,5.00,7.90,8.99,10.10,62.90,0.00,10.10,25.90,70.70,0.00,4.79,10.30,33.50,9163.75
04/03/2019,26.60,34.20,42.50,239.40,1.70,3.24,5.60,22.70,8.80,10.41,13.10,72.90,0.00,3.60,10.80,25.20,0.00,2.36,8.00,16.50,4.00,6.71,8.70,47.00,10.70,18.23,26.10,127.60,0.20,3.63,5.90,25.40,13057.53
11/03/2019,37.60,42.56,46.80,297.90,2.10,4.67,7.40,32.70,8.80,11.14,14.00,78.00,0.00,4.29,9.60,30.00,0.00,1.99,4.50,13.90,5.20,7.80,10.60,54.60,18.40,23.47,26.70,164.30,0.00,3.63,7.90,25.40,11580.57
18/03/2019,12.10,17.24,27.30,120.70,3.60,5.90,8.70,41.30,9.80,12.34,14.00,86.40,0.00,0.69,4.80,4.80,0.00,0.07,0.50,0.50,7.50,8.87,10.40,62.10,3.90,8.40,15.50,58.80,0.10,3.37,11.70,23.60,18740.42
25/03/2019,10.50,18.94,26.20,132.60,0.90,3.16,6.20,22.10,11.50,13.41,15.90,93.90,0.00,0.00,0.00,0.00,0.00,0.00,0.00,0.00,6.10,8.19,10.00,57.30,2.20,10.41,18.10,72.90,3.20,8.60,12.50,60.20,19917.99
01/04/2019,11.00,20.04,38.70,140.30,-0.50,3.29,6.70,23.00,8.10,11.39,14.70,79.70,0.00,1.89,4.80,13.20,0.00,0.97,3.90,6.80,3.20,6.47,8.70,45.30,4.00,11.03,21.30,77.20,0.00,2.74,12.70,19.20,17784.41
08/04/2019,15.00,19.61,24.60,137.30,-0.90,1.43,6.70,10.00,9.80,11.77,17.00,82.40,0.00,3.26,22.80,22.80,0.00,0.40,2.80,2.80,4.10,5.99,10.10,41.90,6.90,10.51,14.00,73.60,0.10,4.91,10.40,34.40,23101.73
15/04/2019,9.00,14.99,23.00,104.90,4.80,6.23,7.10,43.60,14.30,20.10,23.70,140.70,0.00,0.00,0.00,0.00,0.00,0.00,0.00,0.00,8.70,12.70,15.40,88.90,0.50,5.31,9.40,37.20,0.00,6.34,14.80,44.40,18769.67
22/04/2019,15.00,27.03,42.70,189.20,4.30,6.50,10.00,45.50,12.20,16.99,24.10,118.90,0.00,4.29,15.60,30.00,0.00,0.87,2.80,6.10,8.00,10.99,16.10,76.90,7.40,13.57,19.70,95.00,0.00,2.73,11.20,19.10,17047.08
29/04/2019,0.20,19.49,36.90,136.40,1.60,4.49,7.60,31.40,10.50,14.31,18.30,100.20,0.00,3.77,12.00,26.40,0.00,0.57,1.70,4.00,5.90,8.84,11.90,61.90,0.00,10.21,23.40,71.50,0.30,2.76,9.60,19.30,18664.91
06/05/2019,8.90,17.89,26.80,125.20,2.80,5.74,7.40,40.20,9.90,13.64,17.80,95.50,0.00,4.80,13.20,33.60,0.00,3.69,9.40,25.80,7.70,9.24,11.10,64.70,1.30,7.57,11.20,53.00,0.00,3.50,13.30,24.50,14723.36
13/05/2019,10.30,15.07,23.50,105.50,4.90,6.39,9.10,44.70,15.30,17.87,19.70,125.10,0.00,0.86,2.40,6.00,0.00,0.23,1.20,1.60,11.30,12.13,13.10,84.90,1.90,6.00,11.10,42.00,0.00,8.43,16.10,59.00,14001.15
20/05/2019,11.40,17.76,24.60,124.30,6.50,8.96,14.00,62.70,18.40,19.79,21.30,138.50,0.00,0.00,0.00,0.00,0.00,0.00,0.00,0.00,12.50,14.43,17.00,101.00,1.70,7.77,14.00,54.40,3.10,8.84,14.30,61.90,25284.10
27/05/2019,13.20,21.06,27.70,147.40,6.20,10.73,15.70,75.10,15.70,20.36,24.60,142.50,0.00,6.84,32.30,47.90,0.00,1.61,9.20,11.30,10.80,15.40,20.30,107.80,4.80,7.90,10.40,55.30,0.10,2.99,6.60,20.90,15352.07
03/06/2019,9.60,20.16,30.90,141.10,6.80,8.57,9.80,60.00,14.90,17.11,18.60,119.80,0.00,7.03,18.00,49.20,0.00,3.36,15.50,23.50,11.10,12.73,13.60,89.10,1.40,6.71,13.30,47.00,0.30,3.40,10.60,23.80,18031.27
10/06/2019,17.20,25.83,45.90,180.80,8.30,9.29,11.50,65.00,10.90,14.96,19.20,104.70,2.40,8.74,19.20,61.20,2.30,9.06,23.30,63.40,9.40,11.70,15.00,81.90,6.40,11.53,22.60,80.70,0.00,1.27,3.60,8.90,11573.31
17/06/2019,4.50,14.36,20.10,100.50,7.60,10.74,14.00,75.20,18.30,20.03,23.20,140.20,0.00,0.51,2.40,3.60,0.00,0.20,1.20,1.40,13.30,15.27,17.60,106.90,0.30,3.79,5.60,26.50,0.00,5.04,12.70,35.30,19634.20
24/06/2019,12.50,19.40,23.50,135.80,10.70,12.14,15.10,85.00,16.30,22.56,31.90,157.90,0.00,2.06,8.40,14.40,0.00,1.33,5.60,9.30,13.10,17.06,22.60,119.40,4.60,6.87,10.10,48.10,0.00,6.40,13.20,44.80,17758.24
01/07/2019,9.40,14.29,21.50,100.00,8.60,10.71,13.10,75.00,17.80,21.50,25.10,150.50,0.00,1.03,7.20,7.20,0.00,0.20,1.40,1.40,14.40,16.21,19.00,113.50,2.00,5.83,11.50,40.80,1.10,9.63,17.30,67.40,17114.91
08/07/2019,11.60,17.29,28.90,121.00,9.60,13.27,16.10,92.90,19.50,21.46,23.60,150.20,0.00,2.91,10.80,20.40,0.00,1.07,5.70,7.50,14.60,17.20,18.90,120.40,5.10,9.64,18.10,67.50,0.00,1.49,5.20,10.40,17982.00
15/07/2019,8.90,19.43,28.60,136.00,11.00,13.07,15.60,91.50,19.10,22.27,25.10,155.90,0.00,1.20,6.00,8.40,0.00,1.19,8.00,8.30,15.70,17.50,19.40,122.50,4.50,10.17,16.40,71.20,0.00,2.94,7.20,20.60,18864.24
22/07/2019,13.00,21.31,24.60,149.20,11.20,15.74,18.10,110.20,17.40,26.09,35.90,182.60,0.00,3.77,15.60,26.40,0.00,4.21,16.90,29.50,13.80,20.71,27.20,145.00,6.20,10.80,14.30,75.60,0.00,5.84,12.00,40.90,20104.13
29/07/2019,9.40,19.50,30.00,136.50,12.50,14.16,14.70,99.10,19.50,23.07,24.90,161.50,0.00,4.80,22.80,33.60,0.00,2.37,14.20,16.60,16.60,18.17,19.60,127.20,2.20,9.24,14.10,64.70,1.40,3.97,12.60,27.80,15761.73
05/08/2019,22.10,27.17,38.00,190.20,11.20,13.59,16.30,95.10,20.00,22.13,24.20,154.90,0.00,23.00,111.80,161.00,0.00,5.24,18.20,36.70,14.30,17.23,19.40,120.60,8.70,12.09,17.20,84.60,0.60,6.57,11.20,46.00,17133.51
12/08/2019,18.10,25.80,32.20,180.60,10.40,11.90,13.30,71.40,17.20,19.44,21.50,136.10,0.00,1.54,6.00,10.80,0.00,1.47,6.30,10.30,14.00,15.29,16.30,107.00,9.30,11.24,14.90,78.70,0.00,6.23,12.80,43.60,11431.01
19/08/2019,9.80,17.84,25.90,124.90,9.10,12.27,15.00,85.90,19.50,23.84,31.20,166.90,0.00,1.37,9.60,9.60,0.00,0.11,0.80,0.80,14.20,18.06,23.40,126.40,0.80,5.54,10.80,38.80,2.80,8.60,14.10,60.20,11175.73
26/08/2019,12.30,18.86,24.20,132.00,9.00,11.97,15.10,83.80,18.30,23.77,31.50,166.40,0.00,2.40,7.20,16.80,0.00,0.93,5.10,6.50,13.10,17.27,23.10,120.90,2.20,7.30,11.80,51.10,4.70,8.24,14.30,57.70,12994.62
02/09/2019,11.90,23.73,35.60,166.10,5.20,9.86,13.20,69.00,15.70,18.33,22.00,128.30,0.00,1.37,6.00,9.60,0.00,0.33,2.00,2.30,10.80,13.74,17.10,96.20,1.60,10.30,15.60,72.10,2.80,6.14,9.60,43.00,11850.92
09/09/2019,10.50,17.14,23.70,120.00,5.80,10.14,13.90,71.00,15.70,20.41,23.20,142.90,0.00,0.00,0.00,0.00,0.00,0.00,0.00,0.00,12.00,15.11,18.10,105.80,0.70,7.37,10.20,51.60,0.30,6.29,12.90,44.00,10356.02
16/09/2019,5.60,15.16,21.00,106.10,4.90,9.86,13.60,69.00,15.80,20.09,25.00,140.60,0.00,2.06,8.40,14.40,0.00,0.47,2.60,3.30,10.90,14.10,17.90,98.70,0.10,4.76,9.70,33.30,0.50,9.50,12.70,66.50,13295.70
23/09/2019,21.90,28.16,36.50,197.10,8.80,12.04,14.30,84.30,16.30,18.29,19.30,128.00,0.00,9.77,22.80,68.40,0.00,5.87,16.80,41.10,12.70,14.54,15.80,101.80,7.50,11.80,22.40,82.60,0.40,2.96,6.30,20.70,12340.22
30/09/2019,14.80,21.56,31.10,150.90,3.10,8.11,12.80,56.80,12.40,15.54,18.80,108.80,0.00,6.00,13.20,42.00,0.00,4.46,13.50,31.20,7.40,11.31,14.10,79.20,4.10,9.59,17.20,67.10,0.00,2.76,10.90,19.30,10224.24
07/10/2019,15.00,24.36,29.30,170.50,7.20,9.16,11.00,64.10,13.30,14.80,16.20,103.60,1.20,8.74,27.60,61.20,0.10,4.34,15.60,30.40,10.20,11.64,14.10,81.50,6.20,9.56,14.10,66.90,0.00,1.94,5.00,13.60,12671.94
14/10/2019,15.00,20.00,25.90,140.00,5.70,7.50,9.40,52.50,11.50,13.34,14.90,93.40,0.00,6.17,24.00,43.20,0.00,3.29,17.00,23.00,9.20,10.39,12.00,72.70,5.20,8.33,11.60,58.30,0.00,2.20,5.80,15.40,11324.59
21/10/2019,9.20,21.69,42.90,151.80,1.70,5.26,9.80,36.80,10.70,13.24,15.70,92.70,0.00,10.97,55.20,76.80,0.00,2.91,7.80,20.40,5.70,9.19,13.90,64.30,1.50,8.69,18.50,60.80,0.00,2.59,8.70,18.10,11611.95
28/10/2019,7.80,19.30,34.00,135.10,2.80,5.27,8.40,36.90,9.40,11.51,14.50,80.60,0.00,2.40,6.00,16.80,0.00,1.10,4.70,7.70,5.70,8.07,12.40,56.50,2.80,9.33,18.80,65.30,0.00,2.47,7.40,17.30,7711.37
04/11/2019,12.80,21.87,29.30,153.10,-1.40,2.21,6.30,15.50,5.70,9.16,13.10,64.10,1.20,5.14,18.00,36.00,0.60,5.16,18.30,36.10,3.70,5.83,8.80,40.80,4.50,11.70,15.60,81.90,0.00,1.51,4.20,10.60,10853.99
11/11/2019,5.40,22.94,28.90,160.60,2.40,3.57,4.70,25.00,5.80,8.11,9.10,56.80,0.00,3.09,9.60,21.60,0.00,4.76,20.30,33.30,4.70,5.61,6.30,39.30,0.10,11.94,16.90,83.60,0.00,1.77,4.90,12.40,9018.95
18/11/2019,9.80,17.59,25.10,123.10,-1.30,3.34,7.10,23.40,5.60,7.79,9.80,54.50,0.00,2.06,4.80,14.40,0.00,1.56,4.10,10.90,2.70,5.51,8.60,38.60,1.40,9.29,13.80,65.00,0.00,1.14,6.50,8.00,8931.72
25/11/2019,7.20,17.64,23.30,123.50,-1.30,3.09,8.50,21.60,4.50,8.63,13.40,60.40,0.00,3.43,8.40,24.00,0.00,1.86,4.30,13.00,1.80,5.73,9.90,40.10,3.20,9.41,14.70,65.90,0.00,2.96,7.90,20.70,8523.61
02/12/2019,9.60,23.63,40.70,165.40,0.00,3.13,7.70,21.90,5.20,9.56,12.20,66.90,0.00,5.49,25.20,38.40,0.00,1.90,9.20,13.30,3.10,6.24,9.40,43.70,2.30,12.60,23.90,88.20,0.00,3.59,7.60,25.10,8493.09
09/12/2019,21.30,31.81,35.60,222.70,0.30,2.43,3.70,17.00,7.10,8.23,11.80,57.60,0.00,3.77,9.60,26.40,0.00,2.39,10.10,16.70,3.00,5.17,6.90,36.20,11.80,18.00,24.20,126.00,0.00,2.54,7.40,17.80,7934.52
16/12/2019,9.20,19.27,30.60,134.90,2.30,4.13,7.00,28.90,5.40,8.56,11.90,59.90,1.20,3.43,9.60,24.00,0.20,3.51,11.10,24.60,3.70,6.51,9.40,45.60,4.80,10.47,18.90,73.30,0.00,0.99,3.30,6.90,4164.78
23/12/2019,8.10,19.69,28.20,137.80,1.30,3.99,6.20,27.90,6.60,8.50,10.70,59.50,0.00,1.54,6.00,10.80,0.00,0.83,3.20,5.80,3.70,6.03,7.50,42.20,3.00,8.40,14.20,58.80,0.00,2.19,7.20,15.30,367.37
30/12/2019,14.80,20.56,26.60,143.90,2.10,4.19,6.10,29.30,7.50,8.63,10.40,60.40,0.00,1.03,7.20,7.20,0.00,0.33,2.30,2.30,5.20,6.63,9.20,46.40,5.80,11.81,18.50,82.70,0.00,1.56,5.80,10.90,1595.73
06/01/2020,25.50,30.94,36.50,216.60,3.50,5.24,8.10,36.70,8.40,10.57,12.90,74.00,0.00,4.63,15.60,32.40,0.00,1.87,8.20,13.10,6.10,7.89,10.90,55.20,11.40,17.64,22.40,123.50,0.00,1.47,6.90,10.30,7367.83
13/01/2020,6.00,27.94,42.50,195.60,-0.10,3.36,6.40,23.50,6.60,9.46,13.80,66.20,0.00,8.40,26.40,58.80,0.00,1.99,10.10,13.90,2.10,5.74,9.30,40.20,1.30,16.67,29.50,116.70,0.00,2.97,7.80,20.80,9636.36
20/01/2020,3.60,11.86,22.40,83.00,0.10,3.76,5.30,26.30,6.80,7.56,9.00,52.90,0.00,2.57,10.80,18.00,0.00,1.00,4.60,7.00,2.50,5.63,7.00,39.40,0.10,4.70,12.40,32.90,0.00,1.63,7.20,11.40,16388.95
27/01/2020,21.50,27.44,37.40,192.10,1.50,4.83,8.10,33.80,7.10,10.19,13.10,71.30,0.00,2.06,8.40,14.40,0.00,0.73,3.60,5.10,3.70,7.46,10.50,52.20,6.20,11.80,16.40,82.60,0.00,2.53,5.80,17.70,10488.53
03/02/2020,8.10,32.77,59.50,229.40,-0.50,2.14,5.80,15.00,8.50,10.36,12.90,72.50,0.00,2.40,10.80,16.80,0.00,1.11,7.00,7.80,3.80,6.20,8.60,43.40,1.20,19.39,39.60,135.70,0.50,3.93,8.20,27.50,10312.50
10/02/2020,24.80,35.56,50.30,248.90,1.80,3.49,7.90,24.40,6.50,9.46,13.40,66.20,0.00,7.20,28.80,50.40,0.00,4.00,12.20,28.00,3.60,6.40,11.60,44.80,12.20,20.34,31.40,142.40,0.00,2.49,6.30,17.40,18448.55
17/02/2020,29.50,38.24,45.20,267.70,1.90,3.71,6.70,26.00,9.40,11.04,12.70,77.30,0.00,5.31,15.60,37.20,0.00,1.96,5.00,13.70,4.90,6.91,9.70,48.40,13.90,19.36,26.70,135.50,0.00,1.59,3.90,11.10,22634.79
24/02/2020,28.60,33.97,39.10,237.80,0.40,1.61,2.90,11.30,6.30,8.57,12.20,60.00,0.00,3.43,7.20,24.00,0.00,2.43,5.90,17.00,3.10,4.91,8.30,34.40,8.50,19.00,24.80,133.00,0.00,3.80,7.70,26.60,17061.33
02/03/2020,16.10,23.73,35.00,166.10,-0.50,2.27,5.40,15.90,6.20,9.11,12.20,63.80,0.00,1.54,4.80,10.80,0.00,0.60,2.20,4.20,3.50,5.43,9.60,38.00,7.20,12.93,20.00,90.50,0.00,3.74,10.60,26.20,24867.80
09/03/2020,22.80,32.16,40.50,225.10,2.80,4.46,7.10,31.20,9.70,11.80,15.40,82.60,0.00,6.69,21.60,46.80,0.00,2.44,8.20,17.10,5.80,8.07,10.60,56.50,9.50,15.63,20.40,109.40,0.00,1.70,7.10,11.90,17201.66
16/03/2020,19.20,23.84,30.20,166.90,-0.70,3.56,8.90,24.90,7.00,10.73,13.10,75.10,0.00,2.06,12.00,14.40,0.00,0.97,6.40,6.80,4.70,6.51,11.20,45.60,10.30,14.39,19.80,100.70,0.00,3.61,11.00,25.30,19654.11
23/03/2020,11.90,23.71,39.40,166.00,0.30,1.14,3.00,8.00,7.70,12.70,15.70,88.90,0.00,0.00,0.00,0.00,0.00,0.00,0.00,0.00,4.00,6.26,8.30,43.80,4.30,12.54,23.00,87.80,0.20,9.73,13.00,68.10,4771.92
27/04/2020,10.70,18.97,25.90,132.80,5.00,5.94,8.00,41.60,8.00,13.07,16.40,91.50,0.00,1.54,4.80,10.80,0.00,1.63,7.50,11.40,6.60,9.39,11.40,65.70,3.50,8.17,11.20,57.20,0.00,1.67,6.80,11.70,21509.08
04/05/2020,6.30,20.63,40.50,144.40,2.30,6.90,11.40,48.30,11.00,18.44,24.50,129.10,0.00,0.00,0.00,0.00,0.00,0.00,0.00,0.00,6.40,12.49,17.60,87.40,0.90,10.34,21.90,72.40,0.00,8.97,15.60,62.80,19169.04
11/05/2020,13.00,20.46,31.80,143.20,0.20,3.70,8.10,25.90,10.40,14.21,19.60,99.50,0.00,0.00,0.00,0.00,0.00,0.00,0.00,0.00,5.90,9.20,14.10,64.40,4.40,8.50,17.50,59.50,2.60,6.53,12.80,45.70,29557.92
18/05/2020,16.30,25.91,38.00,181.40,8.40,10.94,14.50,76.60,17.60,22.00,26.10,154.00,0.00,0.00,0.00,0.00,0.00,0.00,0.00,0.00,13.40,16.40,19.20,114.80,2.10,8.21,14.80,57.50,3.90,9.84,16.70,68.90,36018.70
25/05/2020,10.70,15.80,21.50,110.60,7.50,9.86,13.40,69.00,23.00,23.86,24.90,167.00,0.00,0.00,0.00,0.00,0.00,0.00,0.00,0.00,15.50,16.69,18.10,116.80,1.60,4.79,6.30,33.50,9.40,13.79,17.10,96.50,38065.41
29/06/2020,17.20,25.18,33.10,125.90,9.80,12.12,16.40,60.60,18.10,19.50,20.40,97.50,0.00,5.28,24.00,26.40,0.00,1.28,5.90,6.40,14.90,15.70,17.70,78.50,3.50,8.70,12.70,43.50,0.00,2.36,7.90,11.80,30769.24
06/07/2020,12.50,19.60,25.10,137.20,8.80,11.10,14.80,77.70,16.90,18.47,22.60,129.30,0.00,2.06,6.00,14.40,0.00,2.81,8.50,19.70,12.90,14.51,17.60,101.60,1.90,7.97,13.40,55.80,0.00,5.67,14.80,39.70,31138.02
13/07/2020,15.70,18.80,21.90,131.60,8.30,12.77,15.50,89.40,17.10,20.61,25.40,144.30,0.00,2.06,7.20,14.40,0.00,1.94,8.50,13.60,14.20,16.30,19.40,114.10,4.50,6.64,9.40,46.50,0.00,2.94,8.70,20.60,26206.50
20/07/2020,12.80,18.99,23.90,132.90,8.10,12.64,16.00,88.50,18.80,21.39,23.60,149.70,0.00,4.80,28.80,33.60,0.00,1.51,8.80,10.60,13.80,16.70,19.00,116.90,3.40,5.43,8.20,38.00,0.10,3.97,9.50,27.80,24650.30
27/07/2020,10.50,21.96,33.60,153.70,9.50,11.97,14.90,83.80,18.80,24.51,36.10,171.60,0.00,0.69,4.80,4.80,0.00,0.09,0.60,0.60,13.80,17.84,23.80,124.90,1.20,6.47,10.40,45.30,0.90,6.96,11.80,48.70,23986.58
03/08/2020,12.30,19.43,28.00,136.00,8.40,15.17,18.90,106.20,19.20,24.94,32.30,174.60,0.00,0.00,0.00,0.00,0.00,0.00,0.00,0.00,14.50,19.46,24.50,136.20,2.50,6.21,8.20,43.50,0.30,6.19,12.40,43.30,17043.18
10/08/2020,7.60,13.87,18.10,97.10,14.40,16.44,19.50,115.10,19.30,26.13,33.80,182.90,0.00,9.41,25.20,65.90,0.00,3.53,10.70,24.70,17.00,20.41,25.40,142.90,1.50,4.51,7.90,31.60,0.00,4.29,11.50,30.00,18905.74
17/08/2020,12.10,26.19,38.50,183.30,11.50,14.03,15.10,98.20,20.10,22.10,23.80,154.70,0.00,2.91,8.40,20.40,0.00,1.89,9.20,13.20,15.30,17.49,18.90,122.40,2.00,8.79,18.70,61.50,0.00,3.79,14.50,26.50,21658.63
24/08/2020,9.60,29.53,45.40,206.70,8.80,11.57,14.90,81.00,14.70,17.73,21.00,124.10,0.00,5.66,22.80,39.60,0.00,5.41,17.60,37.90,11.50,13.99,17.10,97.90,2.10,13.37,22.30,93.60,0.00,0.50,1.30,3.50,17698.12
31/08/2020,2.50,13.43,20.60,94.00,6.60,9.61,13.70,67.30,17.30,18.64,20.50,130.50,0.00,2.74,12.00,19.20,0.00,1.07,6.30,7.50,12.10,13.84,15.80,96.90,0.00,3.11,6.80,21.80,0.60,4.50,10.60,31.50,14334.20
07/09/2020,5.80,15.34,21.70,107.40,7.10,10.43,13.60,73.00,16.20,20.07,25.10,140.50,0.00,0.34,1.20,2.40,0.00,0.03,0.10,0.20,12.50,15.24,18.70,106.70,0.90,4.69,12.80,32.80,0.00,4.74,11.70,33.20,22062.62
14/09/2020,4.50,17.49,23.90,122.40,8.60,11.56,15.40,80.90,19.70,22.64,27.90,158.50,0.00,0.17,1.20,1.20,0.00,0.01,0.10,0.10,13.90,16.31,21.00,114.20,0.40,6.69,10.10,46.80,5.50,10.30,12.80,72.10,27199.21
21/09/2020,2.50,26.00,45.90,182.00,4.00,8.06,14.00,56.40,11.70,16.90,24.10,118.30,0.00,2.23,7.20,15.60,0.00,0.63,3.50,4.40,8.70,11.84,17.40,82.90,0.10,13.46,28.20,94.20,0.00,5.81,12.10,40.70,24794.60
28/09/2020,10.10,18.51,30.60,129.60,7.80,8.60,10.70,60.20,11.30,14.49,16.40,101.40,1.20,3.94,6.00,27.60,0.10,9.03,27.70,63.20,9.60,11.49,13.60,80.40,2.90,6.47,13.80,45.30,0.00,1.46,6.50,10.20,21035.10
05/10/2020,19.90,24.31,27.10,170.20,4.80,7.29,10.20,51.00,12.80,14.33,15.90,100.30,0.00,5.66,15.60,39.60,0.00,1.53,3.50,10.70,8.10,10.14,12.50,71.00,6.90,10.76,17.40,75.30,0.00,2.04,5.10,14.30,12639.94
12/10/2020,5.80,14.37,22.80,100.60,6.10,6.84,7.60,47.90,10.90,12.07,14.40,84.50,0.00,1.03,2.40,7.20,0.00,0.49,2.60,3.40,8.40,9.16,9.50,64.10,0.70,5.17,10.70,36.20,0.00,1.24,3.30,8.70,10626.17
19/10/2020,16.30,23.21,35.10,162.50,5.20,8.31,13.20,58.20,12.50,14.41,17.00,100.90,0.00,7.03,31.20,49.20,0.00,3.97,10.90,27.80,7.60,11.00,14.50,77.00,5.60,8.79,16.60,61.50,0.00,0.73,4.80,5.10,14317.47
26/10/2020,20.80,28.30,32.40,169.80,5.00,7.95,12.60,47.70,12.10,13.77,16.30,82.60,0.00,3.40,12.00,20.40,0.00,1.15,3.80,6.90,7.70,10.55,14.30,63.30,6.30,11.52,16.30,69.10,0.00,0.80,2.00,4.80,12944.37
30/11/2020,0.00,12.77,21.30,76.60,-4.00,0.52,2.60,3.10,4.00,5.65,7.30,33.90,0.00,1.40,2.40,8.40,0.00,2.02,5.30,12.10,-0.80,2.85,4.40,17.10,0.00,5.85,9.00,35.10,0.00,2.50,7.20,15.00,10421.18
07/12/2020,0.00,14.80,29.50,103.60,-2.10,2.26,6.70,15.80,0.50,7.14,11.50,50.00,0.00,2.23,4.80,15.60,0.00,1.27,3.40,8.90,-1.10,4.96,9.00,34.70,0.00,6.76,16.00,47.30,0.00,0.50,2.40,3.50,5685.59
14/12/2020,20.10,26.17,30.60,183.20,3.90,5.61,9.10,39.30,9.20,10.63,12.30,74.40,0.00,4.61,16.70,32.30,0.00,1.61,5.70,11.30,6.10,8.26,11.00,57.80,7.20,12.77,16.70,89.40,0.00,3.31,6.50,23.20,8871.10
21/12/2020,6.70,24.13,39.60,168.90,-1.20,1.73,5.50,12.10,4.00,8.10,13.00,56.70,0.00,4.97,14.40,34.80,0.00,6.29,31.70,44.00,1.60,5.34,10.50,37.40,2.40,12.43,24.50,87.00,0.00,2.51,6.00,17.60,1873.51
28/12/2020,6.90,14.06,22.10,98.40,-1.70,-0.49,1.60,-3.40,1.40,3.01,4.90,21.10,0.00,1.71,2.40,12.00,0.00,0.44,1.10,3.10,-0.30,1.33,2.90,9.30,2.40,6.17,9.60,43.20,0.00,0.87,2.80,6.10,1905.31
04/01/2021,4.50,12.94,23.90,90.60,-3.80,-1.59,0.60,-11.10,-0.10,2.79,5.40,19.50,0.00,1.03,2.40,7.20,0.00,0.19,0.70,1.30,-1.90,0.84,3.40,5.90,1.50,4.83,10.10,33.80,0.00,1.30,3.60,9.10,19762.46
11/01/2021,7.80,19.64,29.50,137.50,-0.90,1.14,4.20,8.00,2.80,5.80,8.80,40.60,1.20,2.74,7.20,19.20,0.10,4.20,17.10,29.40,0.90,3.46,7.10,24.20,3.60,9.40,16.70,65.80,0.00,0.46,1.40,3.20,11747.93
18/01/2021,8.90,21.19,34.70,148.30,-4.60,0.86,9.10,6.00,0.90,7.27,11.40,50.90,0.00,3.09,7.20,21.60,0.00,1.93,4.30,13.50,-1.20,4.13,10.30,28.90,2.60,8.61,16.10,60.30,0.00,1.53,7.50,10.70,10668.60
25/01/2021,12.50,20.57,28.40,144.00,-3.40,1.49,6.60,10.40,2.70,6.87,12.30,48.10,1.20,3.26,6.00,22.80,0.40,5.00,11.40,35.00,0.10,4.44,9.60,31.10,4.00,7.80,14.80,54.60,0.00,1.17,5.00,8.20,14381.90
01/02/2021,9.80,20.64,35.30,144.50,-1.90,1.24,5.00,8.70,2.20,7.53,12.40,52.70,0.00,4.63,16.80,32.40,0.00,3.17,5.80,22.20,0.20,4.41,8.80,30.90,2.90,8.26,15.30,57.80,0.00,0.71,1.40,5.00,22994.99
08/02/2021,13.20,21.06,27.50,147.40,-4.40,-2.40,1.40,-16.80,0.90,2.36,6.40,16.50,0.00,1.20,4.80,8.40,0.00,0.19,0.70,1.30,-1.90,-0.29,3.90,-2.00,5.50,9.61,15.90,67.30,0.00,1.91,6.10,13.40,12059.35
15/02/2021,9.60,23.54,34.40,164.80,3.40,6.52,9.70,39.10,7.20,11.07,13.70,77.50,0.00,1.54,3.60,10.80,0.00,0.63,1.60,4.40,6.40,8.83,11.80,61.80,2.90,10.03,14.50,70.20,0.00,1.20,4.80,8.40,16604.81
22/02/2021,4.50,18.60,36.50,130.20,0.50,3.41,8.10,23.90,10.20,12.56,16.00,87.90,0.00,0.69,2.40,4.80,0.00,0.20,1.10,1.40,5.10,7.61,12.00,53.30,0.60,9.47,21.20,66.30,1.40,5.29,10.10,37.00,30929.13
01/03/2021,5.40,11.54,19.90,80.80,-1.00,1.83,3.20,12.80,5.10,6.23,8.00,43.60,0.00,1.37,6.00,9.60,0.00,2.57,17.50,18.00,2.70,3.70,4.40,25.90,0.60,4.29,8.10,30.00,0.00,0.64,4.50,4.50,29303.74
08/03/2021,12.30,31.93,44.50,223.50,1.90,4.27,6.40,29.90,9.00,10.29,11.40,72.00,0.00,4.97,18.00,34.80,0.00,1.76,5.50,12.30,5.40,6.83,8.90,47.80,5.00,13.49,21.50,94.40,0.00,2.50,4.70,17.50,34216.26
15/03/2021,12.80,19.70,24.60,137.90,1.50,4.40,6.60,30.80,9.50,10.91,12.50,76.40,0.00,0.34,1.20,2.40,0.00,0.20,0.90,1.40,6.20,7.41,8.40,51.90,4.70,9.11,12.40,63.80,0.00,1.46,4.00,10.20,35478.95
22/03/2021,8.50,23.06,33.80,161.40,2.10,4.93,9.50,34.50,8.90,11.79,14.30,82.50,0.00,2.23,10.80,15.60,0.00,0.54,3.10,3.80,5.40,8.00,10.80,56.00,4.10,11.16,15.00,78.10,0.00,3.04,4.10,21.30,42540.26
29/03/2021,11.00,22.63,43.00,158.40,-0.60,4.39,10.80,30.70,8.30,14.56,21.90,101.90,0.00,0.00,0.00,0.00,0.00,0.00,0.00,0.00,4.40,9.46,15.50,66.20,4.50,9.69,20.00,67.80,0.00,3.73,12.20,26.10,42164.35
05/04/2021,14.80,22.93,39.40,160.50,-2.60,1.91,6.70,13.40,6.40,9.74,15.90,68.20,0.00,0.86,2.40,6.00,0.00,0.33,1.70,2.30,0.80,5.31,12.40,37.20,5.10,9.80,17.80,68.60,0.00,4.40,17.00,30.80,25409.53
12/04/2021,5.80,11.27,15.20,78.90,-0.50,0.94,2.80,6.60,10.10,12.14,15.70,85.00,0.00,0.00,0.00,0.00,0.00,0.00,0.00,0.00,5.00,6.30,8.20,44.10,3.40,4.84,6.60,33.90,0.50,8.54,13.60,59.80,28253.97
19/04/2021,6.90,16.19,21.90,113.30,-0.10,2.70,6.10,18.90,13.00,15.87,17.70,111.10,0.00,0.00,0.00,0.00,0.00,0.00,0.00,0.00,6.50,9.00,11.30,63.00,1.90,6.91,10.40,48.40,5.50,11.07,14.90,77.50,33304.38
26/04/2021,11.60,19.01,32.00,133.10,1.50,2.91,4.80,20.40,10.00,12.27,14.00,85.90,0.00,1.89,8.40,13.20,0.00,2.53,17.00,17.70,5.90,7.27,8.70,50.90,4.80,7.84,14.00,54.90,0.00,4.60,9.00,32.20,36020.57
03/05/2021,17.90,27.53,40.00,192.70,1.70,4.96,9.00,34.70,10.20,12.70,17.50,88.90,2.40,5.14,9.60,36.00,0.50,3.51,11.10,24.60,5.50,8.83,13.10,61.80,7.30,11.40,17.40,79.80,0.00,4.03,10.50,28.20,18291.11
10/05/2021,5.80,16.41,37.40,114.90,5.80,6.94,8.60,48.60,11.60,14.79,16.30,103.50,1.20,6.00,12.00,42.00,0.20,2.21,5.30,15.50,9.00,10.36,11.70,72.50,2.60,6.56,15.50,45.90,0.00,2.40,5.90,16.80,29415.04
17/05/2021,12.10,23.79,35.60,166.50,3.90,6.97,9.00,48.80,12.00,14.09,16.90,98.60,0.00,7.37,25.20,51.60,0.10,3.49,8.80,24.40,8.00,10.14,11.40,71.00,4.90,9.31,15.70,65.20,0.00,2.77,9.10,19.40,20953.39
24/05/2021,3.80,14.87,26.60,104.10,5.90,7.86,12.80,55.00,12.40,17.61,22.00,123.30,0.00,1.89,12.00,13.20,0.00,1.10,7.40,7.70,8.60,12.24,15.20,85.70,1.40,5.50,10.00,38.50,0.00,4.40,9.40,30.80,30922.87
31/05/2021,3.80,11.26,22.80,78.80,8.80,11.79,16.00,82.50,17.90,22.83,27.10,159.80,0.00,1.03,7.20,7.20,0.00,0.24,1.70,1.70,13.90,16.87,20.30,118.10,1.70,3.46,5.40,24.20,0.70,8.51,15.70,59.60,20156.11
07/06/2021,6.30,12.80,17.90,89.60,11.10,13.11,15.80,91.80,21.40,23.10,26.50,161.70,0.00,0.00,0.00,0.00,0.00,0.00,0.00,0.00,16.70,18.19,21.10,127.30,1.90,3.79,5.60,26.50,0.90,9.10,16.40,63.70,27085.57
14/06/2021,7.20,14.70,20.80,102.90,8.80,11.63,14.50,81.40,13.30,19.79,26.10,138.50,0.00,8.21,39.50,57.50,0.00,5.47,13.50,38.30,11.70,15.50,20.50,108.50,2.10,5.10,7.20,35.70,0.00,5.09,15.50,35.60,28773.57
21/06/2021,5.80,15.01,23.50,105.10,6.50,11.17,12.80,78.20,15.20,18.21,21.80,127.50,0.00,1.54,4.80,10.80,0.00,0.67,2.80,4.70,11.90,14.30,16.20,100.10,2.80,5.36,7.20,37.50,0.00,3.37,14.90,23.60,28339.95
28/06/2021,4.30,8.21,12.10,57.50,9.50,12.44,15.40,87.10,15.30,19.84,23.40,138.90,0.00,1.20,4.80,8.40,0.00,0.59,2.40,4.10,13.50,15.54,18.50,108.80,1.40,3.44,4.40,24.10,0.00,1.77,4.50,12.40,28908.05
05/07/2021,3.80,9.33,21.70,65.30,11.50,12.90,14.80,90.30,18.90,20.89,23.90,146.20,0.00,8.39,28.70,58.70,0.00,2.94,7.80,20.60,15.30,16.17,18.20,113.20,1.30,3.47,5.80,24.30,0.00,1.41,2.90,9.90,20701.09
12/07/2021,6.00,9.29,15.40,65.00,10.60,14.00,16.80,98.00,20.60,24.59,29.90,172.10,0.00,0.17,1.20,1.20,0.00,0.01,0.10,0.10,16.30,19.27,23.70,134.90,2.70,4.57,6.20,32.00,0.00,9.46,16.50,66.20,28234.22
19/07/2021,7.20,14.39,23.50,100.70,13.90,14.94,16.30,104.60,20.40,26.36,30.30,184.50,0.00,8.90,62.30,62.30,0.00,0.99,6.90,6.90,17.30,19.99,22.70,139.90,2.50,5.01,7.80,35.10,0.00,8.20,15.40,57.40,30593.62
26/07/2021,5.60,16.81,30.40,117.70,10.10,12.67,15.50,88.70,18.00,20.73,25.00,145.10,1.20,4.80,16.80,33.60,1.20,3.77,10.10,26.40,14.00,15.93,19.80,111.50,2.50,6.56,15.10,45.90,0.00,2.80,7.40,19.60,18989.74
02/08/2021,8.10,20.11,33.80,140.80,11.30,12.44,14.50,87.10,18.70,20.67,23.60,144.70,0.00,4.29,9.60,30.00,0.00,0.91,2.80,6.40,14.70,15.93,17.80,111.50,2.20,5.91,9.10,41.40,0.80,3.61,11.60,25.30,25639.88
09/08/2021,9.20,14.83,22.10,103.80,11.20,12.51,13.60,87.60,21.30,22.36,23.60,156.50,0.00,3.60,13.20,25.20,0.00,1.17,5.20,8.20,15.00,16.94,17.80,118.60,3.10,4.43,6.30,31.00,1.60,3.43,6.20,24.00,22992.96
16/08/2021,5.60,12.84,20.80,89.90,11.50,13.91,15.90,97.40,17.50,19.70,21.60,137.90,0.00,1.03,3.60,7.20,0.00,2.94,18.10,20.60,14.20,16.41,18.00,114.90,1.40,4.66,7.30,32.60,0.00,1.29,5.10,9.00,15384.87
23/08/2021,9.40,13.41,20.40,93.90,9.60,11.94,14.10,83.60,16.70,19.03,21.30,133.20,0.00,0.17,1.20,1.20,0.00,0.01,0.10,0.10,13.80,15.13,16.40,105.90,4.10,5.03,6.40,35.20,0.00,2.96,8.30,20.70,17951.80
30/08/2021,7.80,10.63,13.40,74.40,9.90,12.24,13.60,85.70,16.50,19.47,25.80,136.30,0.00,0.34,2.40,2.40,0.00,0.04,0.30,0.30,14.00,15.44,19.20,108.10,2.70,4.29,6.40,30.00,0.00,1.93,11.50,13.50,20269.00
06/09/2021,3.60,10.01,19.50,70.10,12.50,14.36,16.10,100.50,18.90,24.49,29.60,171.40,0.00,2.40,13.20,16.80,0.00,0.94,5.70,6.60,15.80,18.90,21.50,132.30,0.70,3.09,4.10,21.60,0.30,5.70,13.30,39.90,21960.62
13/09/2021,4.30,7.24,9.80,50.70,9.50,11.57,13.70,81.00,16.10,19.80,22.60,138.60,0.00,4.97,24.00,34.80,0.00,2.29,11.30,16.00,14.10,15.40,17.00,107.80,1.40,2.96,4.80,20.70,0.00,2.11,5.50,14.80,17969.18
20/09/2021,6.70,13.21,24.80,92.50,9.50,11.16,14.70,78.10,19.10,21.13,23.40,147.90,0.00,0.69,4.80,4.80,0.00,0.31,2.20,2.20,14.10,15.73,17.90,110.10,3.40,4.61,6.80,32.30,2.90,7.00,11.80,49.00,18171.53
27/09/2021,19.20,24.37,28.60,170.60,6.30,7.97,10.70,55.80,13.60,15.69,17.30,109.80,1.20,5.49,19.20,38.40,0.20,3.76,14.40,26.30,9.90,11.53,14.40,80.70,5.50,6.76,7.80,47.30,0.00,4.11,8.70,28.80,27101.57
04/10/2021,2.90,18.14,34.40,127.00,7.00,9.99,12.90,69.90,13.50,16.49,19.00,115.40,0.00,5.83,26.40,40.80,0.00,2.04,9.20,14.30,10.80,12.90,15.40,90.30,0.10,5.97,10.70,41.80,0.00,4.14,8.20,29.00,22959.79
11/10/2021,5.10,11.01,18.10,77.10,5.80,8.56,9.90,59.90,14.40,15.39,17.00,107.70,0.00,1.20,6.00,8.40,0.00,0.29,1.50,2.00,9.00,11.51,12.70,80.60,2.10,4.53,6.80,31.70,0.00,2.39,6.30,16.70,15085.75
18/10/2021,14.30,22.24,33.10,155.70,5.00,8.61,12.20,60.30,10.40,14.89,18.70,104.20,0.00,7.20,44.40,50.40,0.00,3.60,21.80,25.20,7.40,11.74,15.90,82.20,5.10,7.51,12.50,52.60,0.00,3.01,8.70,21.10,12740.51
25/10/2021,7.20,26.14,50.60,183.00,5.90,9.21,13.10,64.50,13.50,15.07,16.40,105.50,0.00,1.54,3.60,10.80,0.00,0.74,1.70,5.20,9.40,11.84,14.30,82.90,3.50,8.37,18.60,58.60,0.00,1.77,3.90,12.40,21482.29
01/11/2021,4.70,17.51,25.50,122.60,0.40,3.36,7.00,23.50,8.60,11.09,13.00,77.60,0.00,0.34,1.20,2.40,0.00,0.03,0.10,0.20,4.50,7.20,10.50,50.40,2.60,5.76,7.70,40.30,0.00,2.81,8.00,19.70,20832.42
08/11/2021,4.00,10.83,19.00,75.80,5.80,9.07,10.70,63.50,12.10,13.03,14.40,91.20,0.00,1.03,6.00,7.20,0.00,0.29,1.60,2.00,10.20,11.03,12.20,77.20,2.00,4.77,7.40,33.40,0.00,0.84,2.40,5.90,18513.40
15/11/2021,3.10,11.76,30.90,82.30,2.60,5.40,8.60,37.80,7.20,11.19,13.50,78.30,0.00,1.20,6.00,8.40,0.00,0.16,0.70,1.10,4.20,8.17,11.40,57.20,0.20,4.64,11.50,32.50,0.00,2.14,5.00,15.00,23297.25
22/11/2021,5.40,19.81,47.00,138.70,-3.50,0.47,3.20,3.30,3.00,6.46,8.60,45.20,0.00,2.23,6.00,15.60,0.00,2.34,12.90,16.40,-0.70,3.50,7.10,24.50,3.50,9.34,21.40,65.40,0.00,3.43,7.80,24.00,13632.11
29/11/2021,18.10,25.80,37.40,180.60,-2.30,1.74,6.50,12.20,4.90,7.86,11.50,55.00,0.00,2.40,4.80,16.80,0.00,0.87,2.80,6.10,2.00,4.87,9.70,34.10,5.90,9.89,14.00,69.20,0.00,2.21,6.80,15.50,20617.89
06/12/2021,11.20,24.23,35.30,169.60,0.50,3.10,9.70,21.70,6.30,8.39,13.40,58.70,0.00,3.60,13.20,25.20,0.00,1.91,5.90,13.40,3.00,6.06,11.30,42.40,5.70,9.00,15.90,63.00,0.00,1.40,3.60,9.80,16229.34
13/12/2021,3.60,8.81,14.50,61.70,0.20,5.59,9.80,39.10,5.40,9.93,12.50,69.50,0.00,0.51,1.20,3.60,0.00,0.27,0.80,1.90,4.10,8.10,10.80,56.70,0.70,4.34,6.40,30.40,0.00,0.34,2.30,2.40,12220.77
20/12/2021,5.40,10.69,21.70,74.80,-1.50,2.16,4.50,15.10,4.90,6.87,10.60,48.10,0.00,2.40,6.00,16.80,0.00,3.63,12.60,25.40,2.00,4.77,7.30,33.40,3.20,5.66,10.50,39.60,0.00,0.01,0.10,0.10,2844.71
27/12/2021,19.20,23.23,31.50,162.60,5.60,8.51,12.10,59.60,9.30,12.80,15.20,89.60,0.00,3.60,7.20,25.20,0.00,2.19,8.90,15.30,7.70,10.86,13.30,76.00,6.60,8.14,10.80,57.00,0.00,0.77,2.90,5.40,6749.33
03/01/2022,7.40,17.10,21.30,119.70,-2.60,0.31,1.80,2.20,3.80,6.99,9.60,48.90,0.00,2.06,4.80,14.40,0.00,0.67,2.20,4.70,1.00,3.57,6.80,25.00,3.20,6.96,9.20,48.70,0.00,3.14,7.10,22.00,10402.30
10/01/2022,2.90,6.80,14.10,47.60,-2.30,-0.04,3.60,-0.30,4.90,8.47,10.10,59.30,0.00,0.86,1.20,6.00,0.00,0.21,0.60,1.50,1.40,4.06,7.50,28.40,0.80,3.26,6.00,22.80,0.00,3.56,7.80,24.90,20653.50
17/01/2022,4.90,11.70,26.60,81.90,-1.50,1.11,4.20,7.80,4.20,6.81,9.00,47.70,0.00,0.17,1.20,1.20,0.00,0.04,0.30,0.30,1.30,3.81,5.80,26.70,3.00,5.97,11.80,41.80,0.00,3.41,7.80,23.90,20009.52
24/01/2022,3.80,21.19,44.10,148.30,0.90,1.89,4.00,13.20,4.10,8.77,13.20,61.40,0.00,0.69,3.60,4.80,0.00,0.29,1.90,2.00,2.40,5.63,8.60,39.40,0.30,8.51,19.30,59.60,0.00,2.31,5.50,16.20,14468.69
31/01/2022,19.00,28.74,42.90,201.20,0.90,3.60,7.70,25.20,7.50,10.06,13.90,70.40,0.00,4.11,13.20,28.80,0.00,1.64,4.30,11.50,3.80,7.23,10.40,50.60,6.60,11.24,18.60,78.70,0.90,3.11,7.30,21.80,15851.18
07/02/2022,9.40,19.54,33.80,136.80,1.20,3.99,7.40,27.90,8.10,9.83,12.40,68.80,0.00,1.20,6.00,8.40,0.00,0.81,5.40,5.70,3.90,7.03,9.60,49.20,4.70,8.30,16.60,58.10,0.00,1.90,5.00,13.30,15246.78
14/02/2022,21.30,40.46,68.00,283.20,1.40,3.71,6.00,26.00,8.10,11.54,15.10,80.80,2.40,8.57,20.40,60.00,0.40,4.61,8.50,32.30,4.50,7.29,10.90,51.00,8.40,16.00,30.90,112.00,0.00,1.60,5.90,11.20,15063.68
21/02/2022,18.80,29.80,52.30,208.60,0.20,2.44,4.40,17.10,6.80,10.19,12.80,71.30,0.00,1.71,9.60,12.00,0.00,1.43,9.80,10.00,4.10,6.16,7.50,43.10,7.40,12.46,26.40,87.20,1.50,5.31,10.20,37.20,23678.34
28/02/2022,5.60,16.39,30.00,114.70,1.80,4.17,5.60,29.20,6.60,8.49,11.70,59.40,1.20,1.71,2.40,12.00,0.20,2.54,5.20,17.80,4.10,6.04,8.20,42.30,3.50,6.93,12.30,48.50,0.00,0.36,2.30,2.50,22654.11
07/03/2022,16.30,22.77,27.30,159.40,-0.90,4.30,7.40,30.10,8.90,12.04,14.90,84.30,0.00,0.51,2.40,3.60,0.00,0.23,1.50,1.60,3.00,8.04,11.30,56.30,6.20,8.53,10.50,59.70,1.00,5.00,9.90,35.00,29442.29
14/03/2022,5.40,15.19,25.70,106.30,-0.90,3.21,7.30,22.50,9.30,13.30,16.60,93.10,0.00,0.69,1.20,4.80,0.00,2.96,20.00,20.70,4.90,7.44,10.20,52.10,5.20,7.97,16.00,55.80,0.00,7.14,12.70,50.00,29968.99
21/03/2022,5.10,8.20,14.80,57.40,2.10,4.09,5.40,28.60,12.50,17.06,19.30,119.40,0.00,0.34,1.20,2.40,0.00,0.04,0.20,0.30,7.50,10.17,11.70,71.20,3.60,5.06,8.90,35.40,2.30,8.94,12.10,62.60,34753.01
28/03/2022,6.00,20.66,43.20,144.60,-0.80,1.67,5.40,11.70,6.00,9.00,16.30,63.00,0.00,1.71,2.40,12.00,0.00,1.19,6.10,8.30,2.10,4.84,10.40,33.90,3.90,9.60,18.50,67.20,0.00,5.53,11.90,38.70,38146.40
04/04/2022,14.30,26.79,47.90,187.50,-0.30,3.93,8.60,27.50,10.50,12.11,14.20,84.80,0.00,2.57,10.80,18.00,0.00,0.36,1.10,2.50,4.80,7.84,11.20,54.90,5.70,9.64,16.10,67.50,0.00,4.04,8.20,28.30,28554.39
11/04/2022,5.60,11.81,21.70,82.70,6.00,7.46,9.90,52.20,16.10,18.41,21.40,128.90,0.00,2.23,15.60,15.60,0.00,0.79,5.50,5.50,10.70,12.47,14.00,87.30,3.70,5.69,8.90,39.80,0.80,5.13,12.40,35.90,36412.45
18/04/2022,14.30,20.79,26.80,145.50,4.80,6.21,7.70,43.50,14.80,16.29,18.70,114.00,0.00,0.00,0.00,0.00,0.00,0.00,0.00,0.00,9.90,10.69,11.80,74.80,6.20,9.20,12.00,64.40,0.00,4.74,12.90,33.20,32944.74
25/04/2022,5.10,11.53,14.30,69.20,1.90,5.42,9.10,32.50,10.90,13.48,17.20,80.90,0.00,0.80,4.80,4.80,0.00,0.12,0.70,0.70,7.30,8.90,12.50,53.40,3.10,5.03,5.80,30.20,0.00,3.62,10.70,21.70,39153.27
